background,D142L,A419S,A570D,K854N,T1027I,replicate
Delta,0.390923544,0.613352438,0.541216459,0.733928273,0.008954351,rep1
Delta,0.286542117,0.683617251,0.398041506,0.700613442,0.0016153,rep2
Delta,0.288637788,0.636800793,0.49368613,0.607568403,0.007194035,rep3
BA.1,0.130061072,0.000434222,0.000289147,0.005107072,0.000771203,rep1
BA.1,0.414904394,0.000114426,0.000485879,0.017725069,0.000223183,rep2
BA.1,0.617962249,5.43857E-05,0.000387121,0.056703847,0.000190701,rep3
BA.2,0.003805794,4.54699E-05,0.135170041,0.03894649,0.005086804,rep1
BA.2,0.003858491,3.3931E-05,0.071231401,0.163373908,0.050945992,rep2
BA.2,0.001208444,5.64036E-05,0.039615609,0.137263238,0.11208151,rep3